cost3_km_s,Delta_t_3_s,a_final,e_final,final_theta_anom
1.4756705140703517,17560.720706595206,15230.0,0.2232,0
