cost2_km_s,Delta_t_1_s,om_transition_1__rad,theta_maneuver_1_rad
0.7476464090724133,1038.6857930806348,2.0773596973498085,2.6959925369187285
