cost3_km_s,Delta_t_3_s,om_final,theta_maneuver_2_rad
0.5869743758027086,495.6145787763958,1.351,6.029945933533992
