cost2_km_s,Delta_t_2_s,om_final,theta_maneuver_2_rad
1.1159714311127806,3346.5312388864177,1.351,5.584345816862927
