cost2_km_s,Delta_t_2_s,om_final,theta_maneuver_2_rad
1.115971431112781,3346.5312388864177,1.351,5.5843458168629265
