cost3_km_s,Delta_t_3_s,a_final,e_final,final_theta_anom
1.476135753891163,8215.990927403252,15230.0,0.2232,3.141592653589793
